<?xml version="1.0" encoding="UTF-8"?>
<root>
<header>
<header>구분</header>
<header>총계</header>
<header>총계남</header>
<header>총계여</header>
<header>중구계</header>
<header>중구남</header>
<header>중구여</header>
<header>동구계</header>
<header>동구남</header>
<header>동구여</header>
<header>서구계</header>
<header>서구남</header>
<header>서구여</header>
<header>남구계</header>
<header>남구남</header>
<header>남구여</header>
<header>북구계</header>
<header>북구남</header>
<header>북구여</header>
<header>수성구계</header>
<header>수성구남</header>
<header>수성구여</header>
<header>달서구계</header>
<header>달서구남</header>
<header>달서구여</header>
<header>달성군계</header>
<header>달성군남</header>
<header>달성군여</header>
</header>
<Row>
<구분>0세</구분>
<총계>13993</총계>
<총계남>7075</총계남>
<총계여>6918</총계여>
<중구계>521</중구계>
<중구남>272</중구남>
<중구여>249</중구여>
<동구계>2173</동구계>
<동구남>1100</동구남>
<동구여>1073</동구여>
<서구계>650</서구계>
<서구남>319</서구남>
<서구여>331</서구여>
<남구계>587</남구계>
<남구남>295</남구남>
<남구여>292</남구여>
<북구계>2688</북구계>
<북구남>1370</북구남>
<북구여>1318</북구여>
<수성구계>1685</수성구계>
<수성구남>874</수성구남>
<수성구여>811</수성구여>
<달서구계>2954</달서구계>
<달서구남>1483</달서구남>
<달서구여>1471</달서구여>
<달성군계>2735</달성군계>
<달성군남>1362</달성군남>
<달성군여>1373</달성군여>
</Row>
<Row>
<구분>1세</구분>
<총계>16306</총계>
<총계남>8442</총계남>
<총계여>7864</총계여>
<중구계>548</중구계>
<중구남>278</중구남>
<중구여>270</중구여>
<동구계>2569</동구계>
<동구남>1365</동구남>
<동구여>1204</동구여>
<서구계>784</서구계>
<서구남>410</서구남>
<서구여>374</서구여>
<남구계>628</남구계>
<남구남>314</남구남>
<남구여>314</남구여>
<북구계>3085</북구계>
<북구남>1535</북구남>
<북구여>1550</북구여>
<수성구계>2097</수성구계>
<수성구남>1060</수성구남>
<수성구여>1037</수성구여>
<달서구계>3627</달서구계>
<달서구남>1959</달서구남>
<달서구여>1668</달서구여>
<달성군계>2968</달성군계>
<달성군남>1521</달성군남>
<달성군여>1447</달성군여>
</Row>
<Row>
<구분>2세</구분>
<총계>18774</총계>
<총계남>9576</총계남>
<총계여>9198</총계여>
<중구계>656</중구계>
<중구남>325</중구남>
<중구여>331</중구여>
<동구계>2875</동구계>
<동구남>1433</동구남>
<동구여>1442</동구여>
<서구계>960</서구계>
<서구남>490</서구남>
<서구여>470</서구여>
<남구계>720</남구계>
<남구남>360</남구남>
<남구여>360</남구여>
<북구계>3637</북구계>
<북구남>1846</북구남>
<북구여>1791</북구여>
<수성구계>2484</수성구계>
<수성구남>1313</수성구남>
<수성구여>1171</수성구여>
<달서구계>4160</달서구계>
<달서구남>2185</달서구남>
<달서구여>1975</달서구여>
<달성군계>3282</달성군계>
<달성군남>1624</달성군남>
<달성군여>1658</달성군여>
</Row>
<Row>
<구분>3세</구분>
<총계>20010</총계>
<총계남>10252</총계남>
<총계여>9758</총계여>
<중구계>639</중구계>
<중구남>324</중구남>
<중구여>315</중구여>
<동구계>3055</동구계>
<동구남>1592</동구남>
<동구여>1463</동구여>
<서구계>965</서구계>
<서구남>501</서구남>
<서구여>464</서구여>
<남구계>779</남구계>
<남구남>402</남구남>
<남구여>377</남구여>
<북구계>3827</북구계>
<북구남>1964</북구남>
<북구여>1863</북구여>
<수성구계>2858</수성구계>
<수성구남>1477</수성구남>
<수성구여>1381</수성구여>
<달서구계>4623</달서구계>
<달서구남>2363</달서구남>
<달서구여>2260</달서구여>
<달성군계>3264</달성군계>
<달성군남>1629</달성군남>
<달성군여>1635</달성군여>
</Row>
<Row>
<구분>4세</구분>
<총계>20020</총계>
<총계남>10219</총계남>
<총계여>9801</총계여>
<중구계>594</중구계>
<중구남>310</중구남>
<중구여>284</중구여>
<동구계>3055</동구계>
<동구남>1541</동구남>
<동구여>1514</동구여>
<서구계>937</서구계>
<서구남>477</서구남>
<서구여>460</서구여>
<남구계>759</남구계>
<남구남>391</남구남>
<남구여>368</남구여>
<북구계>3790</북구계>
<북구남>1952</북구남>
<북구여>1838</북구여>
<수성구계>3106</수성구계>
<수성구남>1592</수성구남>
<수성구여>1514</수성구여>
<달서구계>4571</달서구계>
<달서구남>2334</달서구남>
<달서구여>2237</달서구여>
<달성군계>3208</달성군계>
<달성군남>1622</달성군남>
<달성군여>1586</달성군여>
</Row>
<Row>
<구분>5세</구분>
<총계>19918</총계>
<총계남>10119</총계남>
<총계여>9799</총계여>
<중구계>564</중구계>
<중구남>277</중구남>
<중구여>287</중구여>
<동구계>2925</동구계>
<동구남>1491</동구남>
<동구여>1434</동구여>
<서구계>987</서구계>
<서구남>499</서구남>
<서구여>488</서구여>
<남구계>781</남구계>
<남구남>398</남구남>
<남구여>383</남구여>
<북구계>3771</북구계>
<북구남>1905</북구남>
<북구여>1866</북구여>
<수성구계>3282</수성구계>
<수성구남>1668</수성구남>
<수성구여>1614</수성구여>
<달서구계>4621</달서구계>
<달서구남>2341</달서구남>
<달서구여>2280</달서구여>
<달성군계>2987</달성군계>
<달성군남>1540</달성군남>
<달성군여>1447</달성군여>
</Row>
<Row>
<구분>6세</구분>
<총계>22413</총계>
<총계남>11513</총계남>
<총계여>10900</총계여>
<중구계>611</중구계>
<중구남>350</중구남>
<중구여>261</중구여>
<동구계>3210</동구계>
<동구남>1689</동구남>
<동구여>1521</동구여>
<서구계>1079</서구계>
<서구남>546</서구남>
<서구여>533</서구여>
<남구계>850</남구계>
<남구남>419</남구남>
<남구여>431</남구여>
<북구계>4182</북구계>
<북구남>2136</북구남>
<북구여>2046</북구여>
<수성구계>4015</수성구계>
<수성구남>2076</수성구남>
<수성구여>1939</수성구여>
<달서구계>5304</달서구계>
<달서구남>2667</달서구남>
<달서구여>2637</달서구여>
<달성군계>3162</달성군계>
<달성군남>1630</달성군남>
<달성군여>1532</달성군여>
</Row>
<Row>
<구분>7세</구분>
<총계>21705</총계>
<총계남>11104</총계남>
<총계여>10601</총계여>
<중구계>588</중구계>
<중구남>287</중구남>
<중구여>301</중구여>
<동구계>3011</동구계>
<동구남>1561</동구남>
<동구여>1450</동구여>
<서구계>1018</서구계>
<서구남>514</서구남>
<서구여>504</서구여>
<남구계>815</남구계>
<남구남>441</남구남>
<남구여>374</남구여>
<북구계>4058</북구계>
<북구남>2100</북구남>
<북구여>1958</북구여>
<수성구계>4037</수성구계>
<수성구남>2049</수성구남>
<수성구여>1988</수성구여>
<달서구계>5160</달서구계>
<달서구남>2606</달서구남>
<달서구여>2554</달서구여>
<달성군계>3018</달성군계>
<달성군남>1546</달성군남>
<달성군여>1472</달성군여>
</Row>
<Row>
<구분>8세</구분>
<총계>21518</총계>
<총계남>11148</총계남>
<총계여>10370</총계여>
<중구계>539</중구계>
<중구남>280</중구남>
<중구여>259</중구여>
<동구계>2955</동구계>
<동구남>1547</동구남>
<동구여>1408</동구여>
<서구계>970</서구계>
<서구남>490</서구남>
<서구여>480</서구여>
<남구계>801</남구계>
<남구남>431</남구남>
<남구여>370</남구여>
<북구계>3972</북구계>
<북구남>2075</북구남>
<북구여>1897</북구여>
<수성구계>4120</수성구계>
<수성구남>2128</수성구남>
<수성구여>1992</수성구여>
<달서구계>5265</달서구계>
<달서구남>2717</달서구남>
<달서구여>2548</달서구여>
<달성군계>2896</달성군계>
<달성군남>1480</달성군남>
<달성군여>1416</달성군여>
</Row>
<Row>
<구분>9세</구분>
<총계>20296</총계>
<총계남>10533</총계남>
<총계여>9763</총계여>
<중구계>484</중구계>
<중구남>275</중구남>
<중구여>209</중구여>
<동구계>2743</동구계>
<동구남>1446</동구남>
<동구여>1297</동구여>
<서구계>937</서구계>
<서구남>461</서구남>
<서구여>476</서구여>
<남구계>800</남구계>
<남구남>391</남구남>
<남구여>409</남구여>
<북구계>3764</북구계>
<북구남>1907</북구남>
<북구여>1857</북구여>
<수성구계>4167</수성구계>
<수성구남>2178</수성구남>
<수성구여>1989</수성구여>
<달서구계>4977</달서구계>
<달서구남>2635</달서구남>
<달서구여>2342</달서구여>
<달성군계>2424</달성군계>
<달성군남>1240</달성군남>
<달성군여>1184</달성군여>
</Row>
<Row>
<구분>10세</구분>
<총계>21370</총계>
<총계남>11067</총계남>
<총계여>10303</총계여>
<중구계>459</중구계>
<중구남>233</중구남>
<중구여>226</중구여>
<동구계>2782</동구계>
<동구남>1404</동구남>
<동구여>1378</동구여>
<서구계>975</서구계>
<서구남>497</서구남>
<서구여>478</서구여>
<남구계>831</남구계>
<남구남>439</남구남>
<남구여>392</남구여>
<북구계>4027</북구계>
<북구남>2087</북구남>
<북구여>1940</북구여>
<수성구계>4582</수성구계>
<수성구남>2391</수성구남>
<수성구여>2191</수성구여>
<달서구계>5146</달서구계>
<달서구남>2699</달서구남>
<달서구여>2447</달서구여>
<달성군계>2568</달성군계>
<달성군남>1317</달성군남>
<달성군여>1251</달성군여>
</Row>
<Row>
<구분>11세</구분>
<총계>23101</총계>
<총계남>11827</총계남>
<총계여>11274</총계여>
<중구계>521</중구계>
<중구남>293</중구남>
<중구여>228</중구여>
<동구계>2922</동구계>
<동구남>1489</동구남>
<동구여>1433</동구여>
<서구계>1093</서구계>
<서구남>544</서구남>
<서구여>549</서구여>
<남구계>942</남구계>
<남구남>485</남구남>
<남구여>457</남구여>
<북구계>4413</북구계>
<북구남>2278</북구남>
<북구여>2135</북구여>
<수성구계>5082</수성구계>
<수성구남>2609</수성구남>
<수성구여>2473</수성구여>
<달서구계>5634</달서구계>
<달서구남>2866</달서구남>
<달서구여>2768</달서구여>
<달성군계>2494</달성군계>
<달성군남>1263</달성군남>
<달성군여>1231</달성군여>
</Row>
<Row>
<구분>12세</구분>
<총계>21019</총계>
<총계남>10956</총계남>
<총계여>10063</총계여>
<중구계>455</중구계>
<중구남>219</중구남>
<중구여>236</중구여>
<동구계>2428</동구계>
<동구남>1296</동구남>
<동구여>1132</동구여>
<서구계>989</서구계>
<서구남>500</서구남>
<서구여>489</서구여>
<남구계>857</남구계>
<남구남>453</남구남>
<남구여>404</남구여>
<북구계>4029</북구계>
<북구남>2082</북구남>
<북구여>1947</북구여>
<수성구계>4987</수성구계>
<수성구남>2651</수성구남>
<수성구여>2336</수성구여>
<달서구계>5086</달서구계>
<달서구남>2610</달서구남>
<달서구여>2476</달서구여>
<달성군계>2188</달성군계>
<달성군남>1145</달성군남>
<달성군여>1043</달성군여>
</Row>
<Row>
<구분>13세</구분>
<총계>21075</총계>
<총계남>11093</총계남>
<총계여>9982</총계여>
<중구계>432</중구계>
<중구남>230</중구남>
<중구여>202</중구여>
<동구계>2485</동구계>
<동구남>1335</동구남>
<동구여>1150</동구여>
<서구계>1008</서구계>
<서구남>523</서구남>
<서구여>485</서구여>
<남구계>867</남구계>
<남구남>479</남구남>
<남구여>388</남구여>
<북구계>4011</북구계>
<북구남>2067</북구남>
<북구여>1944</북구여>
<수성구계>4953</수성구계>
<수성구남>2625</수성구남>
<수성구여>2328</수성구여>
<달서구계>5186</달서구계>
<달서구남>2705</달서구남>
<달서구여>2481</달서구여>
<달성군계>2133</달성군계>
<달성군남>1129</달성군남>
<달성군여>1004</달성군여>
</Row>
<Row>
<구분>14세</구분>
<총계>22798</총계>
<총계남>11950</총계남>
<총계여>10848</총계여>
<중구계>480</중구계>
<중구남>228</중구남>
<중구여>252</중구여>
<동구계>2648</동구계>
<동구남>1388</동구남>
<동구여>1260</동구여>
<서구계>1137</서구계>
<서구남>620</서구남>
<서구여>517</서구여>
<남구계>967</남구계>
<남구남>486</남구남>
<남구여>481</남구여>
<북구계>4415</북구계>
<북구남>2331</북구남>
<북구여>2084</북구여>
<수성구계>5390</수성구계>
<수성구남>2865</수성구남>
<수성구여>2525</수성구여>
<달서구계>5641</달서구계>
<달서구남>2939</달서구남>
<달서구여>2702</달서구여>
<달성군계>2120</달성군계>
<달성군남>1093</달성군남>
<달성군여>1027</달성군여>
</Row>
<Row>
<구분>15세</구분>
<총계>24714</총계>
<총계남>13017</총계남>
<총계여>11697</총계여>
<중구계>595</중구계>
<중구남>290</중구남>
<중구여>305</중구여>
<동구계>2812</동구계>
<동구남>1434</동구남>
<동구여>1378</동구여>
<서구계>1326</서구계>
<서구남>703</서구남>
<서구여>623</서구여>
<남구계>1081</남구계>
<남구남>562</남구남>
<남구여>519</남구여>
<북구계>4752</북구계>
<북구남>2486</북구남>
<북구여>2266</북구여>
<수성구계>5852</수성구계>
<수성구남>3169</수성구남>
<수성구여>2683</수성구여>
<달서구계>6063</달서구계>
<달서구남>3177</달서구남>
<달서구여>2886</달서구여>
<달성군계>2233</달성군계>
<달성군남>1196</달성군남>
<달성군여>1037</달성군여>
</Row>
<Row>
<구분>16세</구분>
<총계>24143</총계>
<총계남>12896</총계남>
<총계여>11247</총계여>
<중구계>526</중구계>
<중구남>289</중구남>
<중구여>237</중구여>
<동구계>2802</동구계>
<동구남>1516</동구남>
<동구여>1286</동구여>
<서구계>1375</서구계>
<서구남>756</서구남>
<서구여>619</서구여>
<남구계>1054</남구계>
<남구남>571</남구남>
<남구여>483</남구여>
<북구계>4662</북구계>
<북구남>2474</북구남>
<북구여>2188</북구여>
<수성구계>5620</수성구계>
<수성구남>2989</수성구남>
<수성구여>2631</수성구여>
<달서구계>6032</달서구계>
<달서구남>3160</달서구남>
<달서구여>2872</달서구여>
<달성군계>2072</달성군계>
<달성군남>1141</달성군남>
<달성군여>931</달성군여>
</Row>
<Row>
<구분>17세</구분>
<총계>28158</총계>
<총계남>14875</총계남>
<총계여>13283</총계여>
<중구계>622</중구계>
<중구남>317</중구남>
<중구여>305</중구여>
<동구계>3143</동구계>
<동구남>1653</동구남>
<동구여>1490</동구여>
<서구계>1603</서구계>
<서구남>859</서구남>
<서구여>744</서구여>
<남구계>1231</남구계>
<남구남>649</남구남>
<남구여>582</남구여>
<북구계>5433</북구계>
<북구남>2844</북구남>
<북구여>2589</북구여>
<수성구계>6543</수성구계>
<수성구남>3551</수성구남>
<수성구여>2992</수성구여>
<달서구계>7176</달서구계>
<달서구남>3707</달서구남>
<달서구여>3469</달서구여>
<달성군계>2407</달성군계>
<달성군남>1295</달성군남>
<달성군여>1112</달성군여>
</Row>
<Row>
<구분>18세</구분>
<총계>32279</총계>
<총계남>17051</총계남>
<총계여>15228</총계여>
<중구계>678</중구계>
<중구남>330</중구남>
<중구여>348</중구여>
<동구계>3661</동구계>
<동구남>1956</동구남>
<동구여>1705</동구여>
<서구계>1891</서구계>
<서구남>1016</서구남>
<서구여>875</서구여>
<남구계>1479</남구계>
<남구남>750</남구남>
<남구여>729</남구여>
<북구계>6256</북구계>
<북구남>3318</북구남>
<북구여>2938</북구여>
<수성구계>7234</수성구계>
<수성구남>3869</수성구남>
<수성구여>3365</수성구여>
<달서구계>8430</달서구계>
<달서구남>4440</달서구남>
<달서구여>3990</달서구여>
<달성군계>2650</달성군계>
<달성군남>1372</달성군남>
<달성군여>1278</달성군여>
</Row>
<Row>
<구분>19세</구분>
<총계>31015</총계>
<총계남>16454</총계남>
<총계여>14561</총계여>
<중구계>815</중구계>
<중구남>386</중구남>
<중구여>429</중구여>
<동구계>3630</동구계>
<동구남>1968</동구남>
<동구여>1662</동구여>
<서구계>1897</서구계>
<서구남>1010</서구남>
<서구여>887</서구여>
<남구계>1540</남구계>
<남구남>762</남구남>
<남구여>778</남구여>
<북구계>6008</북구계>
<북구남>3173</북구남>
<북구여>2835</북구여>
<수성구계>6542</수성구계>
<수성구남>3526</수성구남>
<수성구여>3016</수성구여>
<달서구계>8021</달서구계>
<달서구남>4261</달서구남>
<달서구여>3760</달서구여>
<달성군계>2562</달성군계>
<달성군남>1368</달성군남>
<달성군여>1194</달성군여>
</Row>
<Row>
<구분>20세</구분>
<총계>31710</총계>
<총계남>17003</총계남>
<총계여>14707</총계여>
<중구계>784</중구계>
<중구남>381</중구남>
<중구여>403</중구여>
<동구계>3787</동구계>
<동구남>2083</동구남>
<동구여>1704</동구여>
<서구계>2069</서구계>
<서구남>1121</서구남>
<서구여>948</서구여>
<남구계>1635</남구계>
<남구남>805</남구남>
<남구여>830</남구여>
<북구계>5976</북구계>
<북구남>3189</북구남>
<북구여>2787</북구여>
<수성구계>6469</수성구계>
<수성구남>3484</수성구남>
<수성구여>2985</수성구여>
<달서구계>8289</달서구계>
<달서구남>4481</달서구남>
<달서구여>3808</달서구여>
<달성군계>2701</달성군계>
<달성군남>1459</달성군남>
<달성군여>1242</달성군여>
</Row>
<Row>
<구분>21세</구분>
<총계>34225</총계>
<총계남>18092</총계남>
<총계여>16133</총계여>
<중구계>926</중구계>
<중구남>455</중구남>
<중구여>471</중구여>
<동구계>4148</동구계>
<동구남>2197</동구남>
<동구여>1951</동구여>
<서구계>2382</서구계>
<서구남>1289</서구남>
<서구여>1093</서구여>
<남구계>1889</남구계>
<남구남>955</남구남>
<남구여>934</남구여>
<북구계>6647</북구계>
<북구남>3507</북구남>
<북구여>3140</북구여>
<수성구계>6636</수성구계>
<수성구남>3554</수성구남>
<수성구여>3082</수성구여>
<달서구계>8675</달서구계>
<달서구남>4541</달서구남>
<달서구여>4134</달서구여>
<달성군계>2922</달성군계>
<달성군남>1594</달성군남>
<달성군여>1328</달성군여>
</Row>
<Row>
<구분>22세</구분>
<총계>34958</총계>
<총계남>18578</총계남>
<총계여>16380</총계여>
<중구계>1016</중구계>
<중구남>485</중구남>
<중구여>531</중구여>
<동구계>4309</동구계>
<동구남>2252</동구남>
<동구여>2057</동구여>
<서구계>2448</서구계>
<서구남>1305</서구남>
<서구여>1143</서구여>
<남구계>2120</남구계>
<남구남>1122</남구남>
<남구여>998</남구여>
<북구계>6636</북구계>
<북구남>3530</북구남>
<북구여>3106</북구여>
<수성구계>6581</수성구계>
<수성구남>3569</수성구남>
<수성구여>3012</수성구여>
<달서구계>8906</달서구계>
<달서구남>4638</달서구남>
<달서구여>4268</달서구여>
<달성군계>2942</달성군계>
<달성군남>1677</달성군남>
<달성군여>1265</달성군여>
</Row>
<Row>
<구분>23세</구분>
<총계>35752</총계>
<총계남>19217</총계남>
<총계여>16535</총계여>
<중구계>1189</중구계>
<중구남>570</중구남>
<중구여>619</중구여>
<동구계>4583</동구계>
<동구남>2429</동구남>
<동구여>2154</동구여>
<서구계>2691</서구계>
<서구남>1465</서구남>
<서구여>1226</서구여>
<남구계>2182</남구계>
<남구남>1115</남구남>
<남구여>1067</남구여>
<북구계>6662</북구계>
<북구남>3595</북구남>
<북구여>3067</북구여>
<수성구계>6501</수성구계>
<수성구남>3535</수성구남>
<수성구여>2966</수성구여>
<달서구계>9045</달서구계>
<달서구남>4859</달서구남>
<달서구여>4186</달서구여>
<달성군계>2899</달성군계>
<달성군남>1649</달성군남>
<달성군여>1250</달성군여>
</Row>
<Row>
<구분>24세</구분>
<총계>35081</총계>
<총계남>19196</총계남>
<총계여>15885</총계여>
<중구계>1314</중구계>
<중구남>616</중구남>
<중구여>698</중구여>
<동구계>4575</동구계>
<동구남>2527</동구남>
<동구여>2048</동구여>
<서구계>2605</서구계>
<서구남>1432</서구남>
<서구여>1173</서구여>
<남구계>2209</남구계>
<남구남>1170</남구남>
<남구여>1039</남구여>
<북구계>6625</북구계>
<북구남>3682</북구남>
<북구여>2943</북구여>
<수성구계>6156</수성구계>
<수성구남>3373</수성구남>
<수성구여>2783</수성구여>
<달서구계>8695</달서구계>
<달서구남>4747</달서구남>
<달서구여>3948</달서구여>
<달성군계>2902</달성군계>
<달성군남>1649</달성군남>
<달성군여>1253</달성군여>
</Row>
<Row>
<구분>25세</구분>
<총계>34115</총계>
<총계남>18776</총계남>
<총계여>15339</총계여>
<중구계>1346</중구계>
<중구남>677</중구남>
<중구여>669</중구여>
<동구계>4525</동구계>
<동구남>2496</동구남>
<동구여>2029</동구여>
<서구계>2720</서구계>
<서구남>1543</서구남>
<서구여>1177</서구여>
<남구계>2186</남구계>
<남구남>1133</남구남>
<남구여>1053</남구여>
<북구계>6245</북구계>
<북구남>3547</북구남>
<북구여>2698</북구여>
<수성구계>5646</수성구계>
<수성구남>3057</수성구남>
<수성구여>2589</수성구여>
<달서구계>8521</달서구계>
<달서구남>4682</달서구남>
<달서구여>3839</달서구여>
<달성군계>2926</달성군계>
<달성군남>1641</달성군남>
<달성군여>1285</달성군여>
</Row>
<Row>
<구분>26세</구분>
<총계>34308</총계>
<총계남>18768</총계남>
<총계여>15540</총계여>
<중구계>1376</중구계>
<중구남>680</중구남>
<중구여>696</중구여>
<동구계>4683</동구계>
<동구남>2564</동구남>
<동구여>2119</동구여>
<서구계>2770</서구계>
<서구남>1568</서구남>
<서구여>1202</서구여>
<남구계>2292</남구계>
<남구남>1214</남구남>
<남구여>1078</남구여>
<북구계>6020</북구계>
<북구남>3403</북구남>
<북구여>2617</북구여>
<수성구계>5590</수성구계>
<수성구남>3063</수성구남>
<수성구여>2527</수성구여>
<달서구계>8455</달서구계>
<달서구남>4557</달서구남>
<달서구여>3898</달서구여>
<달성군계>3122</달성군계>
<달성군남>1719</달성군남>
<달성군여>1403</달성군여>
</Row>
<Row>
<구분>27세</구분>
<총계>32597</총계>
<총계남>17704</총계남>
<총계여>14893</총계여>
<중구계>1316</중구계>
<중구남>681</중구남>
<중구여>635</중구여>
<동구계>4567</동구계>
<동구남>2496</동구남>
<동구여>2071</동구여>
<서구계>2648</서구계>
<서구남>1462</서구남>
<서구여>1186</서구여>
<남구계>2182</남구계>
<남구남>1150</남구남>
<남구여>1032</남구여>
<북구계>5784</북구계>
<북구남>3133</북구남>
<북구여>2651</북구여>
<수성구계>5221</수성구계>
<수성구남>2796</수성구남>
<수성구여>2425</수성구여>
<달서구계>7777</달서구계>
<달서구남>4304</달서구남>
<달서구여>3473</달서구여>
<달성군계>3102</달성군계>
<달성군남>1682</달성군남>
<달성군여>1420</달성군여>
</Row>
<Row>
<구분>28세</구분>
<총계>29209</총계>
<총계남>16111</총계남>
<총계여>13098</총계여>
<중구계>1235</중구계>
<중구남>642</중구남>
<중구여>593</중구여>
<동구계>4166</동구계>
<동구남>2348</동구남>
<동구여>1818</동구여>
<서구계>2188</서구계>
<서구남>1265</서구남>
<서구여>923</서구여>
<남구계>1888</남구계>
<남구남>1000</남구남>
<남구여>888</남구여>
<북구계>5131</북구계>
<북구남>2829</북구남>
<북구여>2302</북구여>
<수성구계>4545</수성구계>
<수성구남>2413</수성구남>
<수성구여>2132</수성구여>
<달서구계>7035</달서구계>
<달서구남>3951</달서구남>
<달서구여>3084</달서구여>
<달성군계>3021</달성군계>
<달성군남>1663</달성군남>
<달성군여>1358</달성군여>
</Row>
<Row>
<구분>29세</구분>
<총계>28890</총계>
<총계남>15556</총계남>
<총계여>13334</총계여>
<중구계>1168</중구계>
<중구남>577</중구남>
<중구여>591</중구여>
<동구계>4189</동구계>
<동구남>2244</동구남>
<동구여>1945</동구여>
<서구계>2177</서구계>
<서구남>1251</서구남>
<서구여>926</서구여>
<남구계>1840</남구계>
<남구남>984</남구남>
<남구여>856</남구여>
<북구계>5009</북구계>
<북구남>2699</북구남>
<북구여>2310</북구여>
<수성구계>4254</수성구계>
<수성구남>2288</수성구남>
<수성구여>1966</수성구여>
<달서구계>6966</달서구계>
<달서구남>3765</달서구남>
<달서구여>3201</달서구여>
<달성군계>3287</달성군계>
<달성군남>1748</달성군남>
<달성군여>1539</달성군여>
</Row>
<Row>
<구분>30세</구분>
<총계>26957</총계>
<총계남>14770</총계남>
<총계여>12187</총계여>
<중구계>1018</중구계>
<중구남>544</중구남>
<중구여>474</중구여>
<동구계>4001</동구계>
<동구남>2160</동구남>
<동구여>1841</동구여>
<서구계>1958</서구계>
<서구남>1169</서구남>
<서구여>789</서구여>
<남구계>1745</남구계>
<남구남>951</남구남>
<남구여>794</남구여>
<북구계>4824</북구계>
<북구남>2663</북구남>
<북구여>2161</북구여>
<수성구계>3755</수성구계>
<수성구남>2036</수성구남>
<수성구여>1719</수성구여>
<달서구계>6412</달서구계>
<달서구남>3556</달서구남>
<달서구여>2856</달서구여>
<달성군계>3244</달성군계>
<달성군남>1691</달성군남>
<달성군여>1553</달성군여>
</Row>
<Row>
<구분>31세</구분>
<총계>26968</총계>
<총계남>14233</총계남>
<총계여>12735</총계여>
<중구계>1052</중구계>
<중구남>548</중구남>
<중구여>504</중구여>
<동구계>4183</동구계>
<동구남>2193</동구남>
<동구여>1990</동구여>
<서구계>1871</서구계>
<서구남>1083</서구남>
<서구여>788</서구여>
<남구계>1560</남구계>
<남구남>862</남구남>
<남구여>698</남구여>
<북구계>4866</북구계>
<북구남>2537</북구남>
<북구여>2329</북구여>
<수성구계>3679</수성구계>
<수성구남>1887</수성구남>
<수성구여>1792</수성구여>
<달서구계>6264</달서구계>
<달서구남>3329</달서구남>
<달서구여>2935</달서구여>
<달성군계>3493</달성군계>
<달성군남>1794</달성군남>
<달성군여>1699</달성군여>
</Row>
<Row>
<구분>32세</구분>
<총계>27054</총계>
<총계남>14587</총계남>
<총계여>12467</총계여>
<중구계>1092</중구계>
<중구남>565</중구남>
<중구여>527</중구여>
<동구계>4094</동구계>
<동구남>2213</동구남>
<동구여>1881</동구여>
<서구계>1879</서구계>
<서구남>1060</서구남>
<서구여>819</서구여>
<남구계>1682</남구계>
<남구남>935</남구남>
<남구여>747</남구여>
<북구계>4935</북구계>
<북구남>2688</북구남>
<북구여>2247</북구여>
<수성구계>3578</수성구계>
<수성구남>1859</수성구남>
<수성구여>1719</수성구여>
<달서구계>6123</달서구계>
<달서구남>3337</달서구남>
<달서구여>2786</달서구여>
<달성군계>3671</달성군계>
<달성군남>1930</달성군남>
<달성군여>1741</달성군여>
</Row>
<Row>
<구분>33세</구분>
<총계>28016</총계>
<총계남>14663</총계남>
<총계여>13353</총계여>
<중구계>1123</중구계>
<중구남>582</중구남>
<중구여>541</중구여>
<동구계>4306</동구계>
<동구남>2253</동구남>
<동구여>2053</동구여>
<서구계>1850</서구계>
<서구남>1049</서구남>
<서구여>801</서구여>
<남구계>1744</남구계>
<남구남>918</남구남>
<남구여>826</남구여>
<북구계>4932</북구계>
<북구남>2636</북구남>
<북구여>2296</북구여>
<수성구계>3740</수성구계>
<수성구남>1866</수성구남>
<수성구여>1874</수성구여>
<달서구계>6303</달서구계>
<달서구남>3271</달서구남>
<달서구여>3032</달서구여>
<달성군계>4018</달성군계>
<달성군남>2088</달성군남>
<달성군여>1930</달성군여>
</Row>
<Row>
<구분>34세</구분>
<총계>28041</총계>
<총계남>14538</총계남>
<총계여>13503</총계여>
<중구계>1133</중구계>
<중구남>582</중구남>
<중구여>551</중구여>
<동구계>4312</동구계>
<동구남>2266</동구남>
<동구여>2046</동구여>
<서구계>1780</서구계>
<서구남>1006</서구남>
<서구여>774</서구여>
<남구계>1682</남구계>
<남구남>876</남구남>
<남구여>806</남구여>
<북구계>5042</북구계>
<북구남>2639</북구남>
<북구여>2403</북구여>
<수성구계>3810</수성구계>
<수성구남>1865</수성구남>
<수성구여>1945</수성구여>
<달서구계>6274</달서구계>
<달서구남>3210</달서구남>
<달서구여>3064</달서구여>
<달성군계>4008</달성군계>
<달성군남>2094</달성군남>
<달성군여>1914</달성군여>
</Row>
<Row>
<구분>35세</구분>
<총계>32482</총계>
<총계남>16406</총계남>
<총계여>16076</총계여>
<중구계>1208</중구계>
<중구남>612</중구남>
<중구여>596</중구여>
<동구계>4884</동구계>
<동구남>2509</동구남>
<동구여>2375</동구여>
<서구계>2099</서구계>
<서구남>1137</서구남>
<서구여>962</서구여>
<남구계>1882</남구계>
<남구남>980</남구남>
<남구여>902</남구여>
<북구계>5841</북구계>
<북구남>2936</북구남>
<북구여>2905</북구여>
<수성구계>4548</수성구계>
<수성구남>2149</수성구남>
<수성구여>2399</수성구여>
<달서구계>7336</달서구계>
<달서구남>3708</달서구남>
<달서구여>3628</달서구여>
<달성군계>4684</달성군계>
<달성군남>2375</달성군남>
<달성군여>2309</달성군여>
</Row>
<Row>
<구분>36세</구분>
<총계>36090</총계>
<총계남>17967</총계남>
<총계여>18123</총계여>
<중구계>1312</중구계>
<중구남>644</중구남>
<중구여>668</중구여>
<동구계>5485</동구계>
<동구남>2769</동구남>
<동구여>2716</동구여>
<서구계>2278</서구계>
<서구남>1227</서구남>
<서구여>1051</서구여>
<남구계>2031</남구계>
<남구남>995</남구남>
<남구여>1036</남구여>
<북구계>6453</북구계>
<북구남>3249</북구남>
<북구여>3204</북구여>
<수성구계>5169</수성구계>
<수성구남>2401</수성구남>
<수성구여>2768</수성구여>
<달서구계>8233</달서구계>
<달서구남>4112</달서구남>
<달서구여>4121</달서구여>
<달성군계>5129</달성군계>
<달성군남>2570</달성군남>
<달성군여>2559</달성군여>
</Row>
<Row>
<구분>37세</구분>
<총계>37391</총계>
<총계남>18605</총계남>
<총계여>18786</총계여>
<중구계>1289</중구계>
<중구남>672</중구남>
<중구여>617</중구여>
<동구계>5843</동구계>
<동구남>2906</동구남>
<동구여>2937</동구여>
<서구계>2315</서구계>
<서구남>1295</서구남>
<서구여>1020</서구여>
<남구계>2064</남구계>
<남구남>1039</남구남>
<남구여>1025</남구여>
<북구계>6750</북구계>
<북구남>3339</북구남>
<북구여>3411</북구여>
<수성구계>5545</수성구계>
<수성구남>2487</수성구남>
<수성구여>3058</수성구여>
<달서구계>8363</달서구계>
<달서구남>4108</달서구남>
<달서구여>4255</달서구여>
<달성군계>5222</달성군계>
<달성군남>2759</달성군남>
<달성군여>2463</달성군여>
</Row>
<Row>
<구분>38세</구분>
<총계>37430</총계>
<총계남>18716</총계남>
<총계여>18714</총계여>
<중구계>1219</중구계>
<중구남>660</중구남>
<중구여>559</중구여>
<동구계>5761</동구계>
<동구남>2971</동구남>
<동구여>2790</동구여>
<서구계>2350</서구계>
<서구남>1258</서구남>
<서구여>1092</서구여>
<남구계>2068</남구계>
<남구남>1073</남구남>
<남구여>995</남구여>
<북구계>6757</북구계>
<북구남>3343</북구남>
<북구여>3414</북구여>
<수성구계>5752</수성구계>
<수성구남>2599</수성구남>
<수성구여>3153</수성구여>
<달서구계>8456</달서구계>
<달서구남>4165</달서구남>
<달서구여>4291</달서구여>
<달성군계>5067</달성군계>
<달성군남>2647</달성군남>
<달성군여>2420</달성군여>
</Row>
<Row>
<구분>39세</구분>
<총계>37549</총계>
<총계남>18399</총계남>
<총계여>19150</총계여>
<중구계>1207</중구계>
<중구남>619</중구남>
<중구여>588</중구여>
<동구계>5530</동구계>
<동구남>2794</동구남>
<동구여>2736</동구여>
<서구계>2306</서구계>
<서구남>1236</서구남>
<서구여>1070</서구여>
<남구계>2025</남구계>
<남구남>1015</남구남>
<남구여>1010</남구여>
<북구계>6792</북구계>
<북구남>3376</북구남>
<북구여>3416</북구여>
<수성구계>6247</수성구계>
<수성구남>2787</수성구남>
<수성구여>3460</수성구여>
<달서구계>8582</달서구계>
<달서구남>4107</달서구남>
<달서구여>4475</달서구여>
<달성군계>4860</달성군계>
<달성군남>2465</달성군남>
<달성군여>2395</달성군여>
</Row>
<Row>
<구분>40세</구분>
<총계>32321</총계>
<총계남>16444</총계남>
<총계여>15877</총계여>
<중구계>929</중구계>
<중구남>496</중구남>
<중구여>433</중구여>
<동구계>4743</동구계>
<동구남>2504</동구남>
<동구여>2239</동구여>
<서구계>1944</서구계>
<서구남>1059</서구남>
<서구여>885</서구여>
<남구계>1764</남구계>
<남구남>879</남구남>
<남구여>885</남구여>
<북구계>5812</북구계>
<북구남>2933</북구남>
<북구여>2879</북구여>
<수성구계>5499</수성구계>
<수성구남>2577</수성구남>
<수성구여>2922</수성구여>
<달서구계>7582</달서구계>
<달서구남>3844</달서구남>
<달서구여>3738</달서구여>
<달성군계>4048</달성군계>
<달성군남>2152</달성군남>
<달성군여>1896</달성군여>
</Row>
<Row>
<구분>41세</구분>
<총계>35851</총계>
<총계남>17682</총계남>
<총계여>18169</총계여>
<중구계>1032</중구계>
<중구남>561</중구남>
<중구여>471</중구여>
<동구계>5144</동구계>
<동구남>2627</동구남>
<동구여>2517</동구여>
<서구계>2161</서구계>
<서구남>1182</서구남>
<서구여>979</서구여>
<남구계>1915</남구계>
<남구남>969</남구남>
<남구여>946</남구여>
<북구계>6691</북구계>
<북구남>3259</북구남>
<북구여>3432</북구여>
<수성구계>6268</수성구계>
<수성구남>2805</수성구남>
<수성구여>3463</수성구여>
<달서구계>8361</달서구계>
<달서구남>4037</달서구남>
<달서구여>4324</달서구여>
<달성군계>4279</달성군계>
<달성군남>2242</달성군남>
<달성군여>2037</달성군여>
</Row>
<Row>
<구분>42세</구분>
<총계>35684</총계>
<총계남>17887</총계남>
<총계여>17797</총계여>
<중구계>1048</중구계>
<중구남>549</중구남>
<중구여>499</중구여>
<동구계>5011</동구계>
<동구남>2658</동구남>
<동구여>2353</동구여>
<서구계>2180</서구계>
<서구남>1208</서구남>
<서구여>972</서구여>
<남구계>1866</남구계>
<남구남>956</남구남>
<남구여>910</남구여>
<북구계>6623</북구계>
<북구남>3282</북구남>
<북구여>3341</북구여>
<수성구계>6696</수성구계>
<수성구남>3024</수성구남>
<수성구여>3672</수성구여>
<달서구계>8331</달서구계>
<달서구남>4095</달서구남>
<달서구여>4236</달서구여>
<달성군계>3929</달성군계>
<달성군남>2115</달성군남>
<달성군여>1814</달성군여>
</Row>
<Row>
<구분>43세</구분>
<총계>37855</총계>
<총계남>18494</총계남>
<총계여>19361</총계여>
<중구계>1076</중구계>
<중구남>529</중구남>
<중구여>547</중구여>
<동구계>5179</동구계>
<동구남>2735</동구남>
<동구여>2444</동구여>
<서구계>2368</서구계>
<서구남>1259</서구남>
<서구여>1109</서구여>
<남구계>1955</남구계>
<남구남>952</남구남>
<남구여>1003</남구여>
<북구계>7188</북구계>
<북구남>3472</북구남>
<북구여>3716</북구여>
<수성구계>7129</수성구계>
<수성구남>3142</수성구남>
<수성구여>3987</수성구여>
<달서구계>8860</달서구계>
<달서구남>4256</달서구남>
<달서구여>4604</달서구여>
<달성군계>4100</달성군계>
<달성군남>2149</달성군남>
<달성군여>1951</달성군여>
</Row>
<Row>
<구분>44세</구분>
<총계>40581</총계>
<총계남>20209</총계남>
<총계여>20372</총계여>
<중구계>1130</중구계>
<중구남>587</중구남>
<중구여>543</중구여>
<동구계>5424</동구계>
<동구남>2867</동구남>
<동구여>2557</동구여>
<서구계>2596</서구계>
<서구남>1462</서구남>
<서구여>1134</서구여>
<남구계>2137</남구계>
<남구남>1096</남구남>
<남구여>1041</남구여>
<북구계>7898</북구계>
<북구남>3852</북구남>
<북구여>4046</북구여>
<수성구계>7795</수성구계>
<수성구남>3498</수성구남>
<수성구여>4297</수성구여>
<달서구계>9508</달서구계>
<달서구남>4664</달서구남>
<달서구여>4844</달서구여>
<달성군계>4093</달성군계>
<달성군남>2183</달성군남>
<달성군여>1910</달성군여>
</Row>
<Row>
<구분>45세</구분>
<총계>42659</총계>
<총계남>20642</총계남>
<총계여>22017</총계여>
<중구계>1166</중구계>
<중구남>574</중구남>
<중구여>592</중구여>
<동구계>5603</동구계>
<동구남>2881</동구남>
<동구여>2722</동구여>
<서구계>2749</서구계>
<서구남>1465</서구남>
<서구여>1284</서구여>
<남구계>2288</남구계>
<남구남>1163</남구남>
<남구여>1125</남구여>
<북구계>8191</북구계>
<북구남>3939</북구남>
<북구여>4252</북구여>
<수성구계>8395</수성구계>
<수성구남>3714</수성구남>
<수성구여>4681</수성구여>
<달서구계>10206</달서구계>
<달서구남>4789</달서구남>
<달서구여>5417</달서구여>
<달성군계>4061</달성군계>
<달성군남>2117</달성군남>
<달성군여>1944</달성군여>
</Row>
<Row>
<구분>46세</구분>
<총계>43764</총계>
<총계남>21621</총계남>
<총계여>22143</총계여>
<중구계>1273</중구계>
<중구남>662</중구남>
<중구여>611</중구여>
<동구계>5594</동구계>
<동구남>2929</동구남>
<동구여>2665</동구여>
<서구계>2844</서구계>
<서구남>1502</서구남>
<서구여>1342</서구여>
<남구계>2431</남구계>
<남구남>1215</남구남>
<남구여>1216</남구여>
<북구계>8410</북구계>
<북구남>4174</북구남>
<북구여>4236</북구여>
<수성구계>8751</수성구계>
<수성구남>4029</수성구남>
<수성구여>4722</수성구여>
<달서구계>10359</달서구계>
<달서구남>4946</달서구남>
<달서구여>5413</달서구여>
<달성군계>4102</달성군계>
<달성군남>2164</달성군남>
<달성군여>1938</달성군여>
</Row>
<Row>
<구분>47세</구분>
<총계>45472</총계>
<총계남>22386</총계남>
<총계여>23086</총계여>
<중구계>1268</중구계>
<중구남>657</중구남>
<중구여>611</중구여>
<동구계>5719</동구계>
<동구남>2966</동구남>
<동구여>2753</동구여>
<서구계>3036</서구계>
<서구남>1609</서구남>
<서구여>1427</서구여>
<남구계>2534</남구계>
<남구남>1283</남구남>
<남구여>1251</남구여>
<북구계>8551</북구계>
<북구남>4209</북구남>
<북구여>4342</북구여>
<수성구계>9152</수성구계>
<수성구남>4285</수성구남>
<수성구여>4867</수성구여>
<달서구계>11097</달서구계>
<달서구남>5252</달서구남>
<달서구여>5845</달서구여>
<달성군계>4115</달성군계>
<달성군남>2125</달성군남>
<달성군여>1990</달성군여>
</Row>
<Row>
<구분>48세</구분>
<총계>44715</총계>
<총계남>22046</총계남>
<총계여>22669</총계여>
<중구계>1247</중구계>
<중구남>650</중구남>
<중구여>597</중구여>
<동구계>5606</동구계>
<동구남>2837</동구남>
<동구여>2769</동구여>
<서구계>3098</서구계>
<서구남>1593</서구남>
<서구여>1505</서구여>
<남구계>2491</남구계>
<남구남>1240</남구남>
<남구여>1251</남구여>
<북구계>8457</북구계>
<북구남>4172</북구남>
<북구여>4285</북구여>
<수성구계>9014</수성구계>
<수성구남>4248</수성구남>
<수성구여>4766</수성구여>
<달서구계>10768</달서구계>
<달서구남>5233</달서구남>
<달서구여>5535</달서구여>
<달성군계>4034</달성군계>
<달성군남>2073</달성군남>
<달성군여>1961</달성군여>
</Row>
<Row>
<구분>49세</구분>
<총계>45368</총계>
<총계남>22013</총계남>
<총계여>23355</총계여>
<중구계>1199</중구계>
<중구남>608</중구남>
<중구여>591</중구여>
<동구계>5643</동구계>
<동구남>2764</동구남>
<동구여>2879</동구여>
<서구계>3340</서구계>
<서구남>1672</서구남>
<서구여>1668</서구여>
<남구계>2527</남구계>
<남구남>1283</남구남>
<남구여>1244</남구여>
<북구계>8477</북구계>
<북구남>4181</북구남>
<북구여>4296</북구여>
<수성구계>8887</수성구계>
<수성구남>4149</수성구남>
<수성구여>4738</수성구여>
<달서구계>11286</달서구계>
<달서구남>5400</달서구남>
<달서구여>5886</달서구여>
<달성군계>4009</달성군계>
<달성군남>1956</달성군남>
<달성군여>2053</달성군여>
</Row>
<Row>
<구분>50세</구분>
<총계>46587</총계>
<총계남>23087</총계남>
<총계여>23500</총계여>
<중구계>1220</중구계>
<중구남>621</중구남>
<중구여>599</중구여>
<동구계>5929</동구계>
<동구남>2952</동구남>
<동구여>2977</동구여>
<서구계>3504</서구계>
<서구남>1773</서구남>
<서구여>1731</서구여>
<남구계>2616</남구계>
<남구남>1332</남구남>
<남구여>1284</남구여>
<북구계>8693</북구계>
<북구남>4381</북구남>
<북구여>4312</북구여>
<수성구계>8873</수성구계>
<수성구남>4353</수성구남>
<수성구여>4520</수성구여>
<달서구계>11542</달서구계>
<달서구남>5579</달서구남>
<달서구여>5963</달서구여>
<달성군계>4210</달성군계>
<달성군남>2096</달성군남>
<달성군여>2114</달성군여>
</Row>
<Row>
<구분>51세</구분>
<총계>44166</총계>
<총계남>21213</총계남>
<총계여>22953</총계여>
<중구계>1241</중구계>
<중구남>602</중구남>
<중구여>639</중구여>
<동구계>5704</동구계>
<동구남>2714</동구남>
<동구여>2990</동구여>
<서구계>3421</서구계>
<서구남>1690</서구남>
<서구여>1731</서구여>
<남구계>2569</남구계>
<남구남>1252</남구남>
<남구여>1317</남구여>
<북구계>7987</북구계>
<북구남>3902</북구남>
<북구여>4085</북구여>
<수성구계>8330</수성구계>
<수성구남>3998</수성구남>
<수성구여>4332</수성구여>
<달서구계>10940</달서구계>
<달서구남>5108</달서구남>
<달서구여>5832</달서구여>
<달성군계>3974</달성군계>
<달성군남>1947</달성군남>
<달성군여>2027</달성군여>
</Row>
<Row>
<구분>52세</구분>
<총계>40519</총계>
<총계남>20729</총계남>
<총계여>19790</총계여>
<중구계>1072</중구계>
<중구남>547</중구남>
<중구여>525</중구여>
<동구계>5309</동구계>
<동구남>2706</동구남>
<동구여>2603</동구여>
<서구계>3419</서구계>
<서구남>1793</서구남>
<서구여>1626</서구여>
<남구계>2316</남구계>
<남구남>1192</남구남>
<남구여>1124</남구여>
<북구계>7441</북구계>
<북구남>3872</북구남>
<북구여>3569</북구여>
<수성구계>7208</수성구계>
<수성구남>3678</수성구남>
<수성구여>3530</수성구여>
<달서구계>10019</달서구계>
<달서구남>5016</달서구남>
<달서구여>5003</달서구여>
<달성군계>3735</달성군계>
<달성군남>1925</달성군남>
<달성군여>1810</달성군여>
</Row>
<Row>
<구분>53세</구분>
<총계>42525</총계>
<총계남>20486</총계남>
<총계여>22039</총계여>
<중구계>1120</중구계>
<중구남>550</중구남>
<중구여>570</중구여>
<동구계>5669</동구계>
<동구남>2719</동구남>
<동구여>2950</동구여>
<서구계>3711</서구계>
<서구남>1847</서구남>
<서구여>1864</서구여>
<남구계>2437</남구계>
<남구남>1157</남구남>
<남구여>1280</남구여>
<북구계>7523</북구계>
<북구남>3685</북구남>
<북구여>3838</북구여>
<수성구계>7601</수성구계>
<수성구남>3656</수성구남>
<수성구여>3945</수성구여>
<달서구계>10534</달서구계>
<달서구남>4958</달서구남>
<달서구여>5576</달서구여>
<달성군계>3930</달성군계>
<달성군남>1914</달성군남>
<달성군여>2016</달성군여>
</Row>
<Row>
<구분>54세</구분>
<총계>41598</총계>
<총계남>20472</총계남>
<총계여>21126</총계여>
<중구계>1202</중구계>
<중구남>605</중구남>
<중구여>597</중구여>
<동구계>5738</동구계>
<동구남>2785</동구남>
<동구여>2953</동구여>
<서구계>3742</서구계>
<서구남>1919</서구남>
<서구여>1823</서구여>
<남구계>2430</남구계>
<남구남>1110</남구남>
<남구여>1320</남구여>
<북구계>7195</북구계>
<북구남>3554</북구남>
<북구여>3641</북구여>
<수성구계>7374</수성구계>
<수성구남>3648</수성구남>
<수성구여>3726</수성구여>
<달서구계>10165</달서구계>
<달서구남>4935</달서구남>
<달서구여>5230</달서구여>
<달성군계>3752</달성군계>
<달성군남>1916</달성군남>
<달성군여>1836</달성군여>
</Row>
<Row>
<구분>55세</구분>
<총계>39327</총계>
<총계남>19490</총계남>
<총계여>19837</총계여>
<중구계>1089</중구계>
<중구남>559</중구남>
<중구여>530</중구여>
<동구계>5383</동구계>
<동구남>2600</동구남>
<동구여>2783</동구여>
<서구계>3451</서구계>
<서구남>1780</서구남>
<서구여>1671</서구여>
<남구계>2364</남구계>
<남구남>1127</남구남>
<남구여>1237</남구여>
<북구계>6903</북구계>
<북구남>3436</북구남>
<북구여>3467</북구여>
<수성구계>6833</수성구계>
<수성구남>3334</수성구남>
<수성구여>3499</수성구여>
<달서구계>9687</달서구계>
<달서구남>4817</달서구남>
<달서구여>4870</달서구여>
<달성군계>3617</달성군계>
<달성군남>1837</달성군남>
<달성군여>1780</달성군여>
</Row>
<Row>
<구분>56세</구분>
<총계>44136</총계>
<총계남>21833</총계남>
<총계여>22303</총계여>
<중구계>1248</중구계>
<중구남>615</중구남>
<중구여>633</중구여>
<동구계>6106</동구계>
<동구남>2977</동구남>
<동구여>3129</동구여>
<서구계>4049</서구계>
<서구남>1991</서구남>
<서구여>2058</서구여>
<남구계>2845</남구계>
<남구남>1402</남구남>
<남구여>1443</남구여>
<북구계>7718</북구계>
<북구남>3868</북구남>
<북구여>3850</북구여>
<수성구계>7190</수성구계>
<수성구남>3515</수성구남>
<수성구여>3675</수성구여>
<달서구계>10782</달서구계>
<달서구남>5329</달서구남>
<달서구여>5453</달서구여>
<달성군계>4198</달성군계>
<달성군남>2136</달성군남>
<달성군여>2062</달성군여>
</Row>
<Row>
<구분>57세</구분>
<총계>45664</총계>
<총계남>22321</총계남>
<총계여>23343</총계여>
<중구계>1308</중구계>
<중구남>630</중구남>
<중구여>678</중구여>
<동구계>6510</동구계>
<동구남>3075</동구남>
<동구여>3435</동구여>
<서구계>4299</서구계>
<서구남>2083</서구남>
<서구여>2216</서구여>
<남구계>2899</남구계>
<남구남>1388</남구남>
<남구여>1511</남구여>
<북구계>7925</북구계>
<북구남>3960</북구남>
<북구여>3965</북구여>
<수성구계>7271</수성구계>
<수성구남>3554</수성구남>
<수성구여>3717</수성구여>
<달서구계>11175</달서구계>
<달서구남>5480</달서구남>
<달서구여>5695</달서구여>
<달성군계>4277</달성군계>
<달성군남>2151</달성군남>
<달성군여>2126</달성군여>
</Row>
<Row>
<구분>58세</구분>
<총계>43639</총계>
<총계남>21172</총계남>
<총계여>22467</총계여>
<중구계>1316</중구계>
<중구남>633</중구남>
<중구여>683</중구여>
<동구계>6416</동구계>
<동구남>3048</동구남>
<동구여>3368</동구여>
<서구계>3990</서구계>
<서구남>1936</서구남>
<서구여>2054</서구여>
<남구계>2906</남구계>
<남구남>1321</남구남>
<남구여>1585</남구여>
<북구계>7493</북구계>
<북구남>3691</북구남>
<북구여>3802</북구여>
<수성구계>7066</수성구계>
<수성구남>3467</수성구남>
<수성구여>3599</수성구여>
<달서구계>10514</달서구계>
<달서구남>5083</달서구남>
<달서구여>5431</달서구여>
<달성군계>3938</달성군계>
<달성군남>1993</달성군남>
<달성군여>1945</달성군여>
</Row>
<Row>
<구분>59세</구분>
<총계>42982</총계>
<총계남>20650</총계남>
<총계여>22332</총계여>
<중구계>1291</중구계>
<중구남>626</중구남>
<중구여>665</중구여>
<동구계>6382</동구계>
<동구남>2959</동구남>
<동구여>3423</동구여>
<서구계>4233</서구계>
<서구남>2028</서구남>
<서구여>2205</서구여>
<남구계>2975</남구계>
<남구남>1360</남구남>
<남구여>1615</남구여>
<북구계>7102</북구계>
<북구남>3489</북구남>
<북구여>3613</북구여>
<수성구계>6835</수성구계>
<수성구남>3286</수성구남>
<수성구여>3549</수성구여>
<달서구계>10205</달서구계>
<달서구남>4920</달서구남>
<달서구여>5285</달서구여>
<달성군계>3959</달성군계>
<달성군남>1982</달성군남>
<달성군여>1977</달성군여>
</Row>
<Row>
<구분>60세</구분>
<총계>35806</총계>
<총계남>17790</총계남>
<총계여>18016</총계여>
<중구계>1136</중구계>
<중구남>577</중구남>
<중구여>559</중구여>
<동구계>5459</동구계>
<동구남>2654</동구남>
<동구여>2805</동구여>
<서구계>3299</서구계>
<서구남>1614</서구남>
<서구여>1685</서구여>
<남구계>2608</남구계>
<남구남>1223</남구남>
<남구여>1385</남구여>
<북구계>6063</북구계>
<북구남>3123</북구남>
<북구여>2940</북구여>
<수성구계>5820</수성구계>
<수성구남>2856</수성구남>
<수성구여>2964</수성구여>
<달서구계>8197</달서구계>
<달서구남>4115</달서구남>
<달서구여>4082</달서구여>
<달성군계>3224</달성군계>
<달성군남>1628</달성군남>
<달성군여>1596</달성군여>
</Row>
<Row>
<구분>61세</구분>
<총계>37214</총계>
<총계남>18307</총계남>
<총계여>18907</총계여>
<중구계>1217</중구계>
<중구남>563</중구남>
<중구여>654</중구여>
<동구계>5770</동구계>
<동구남>2720</동구남>
<동구여>3050</동구여>
<서구계>3550</서구계>
<서구남>1752</서구남>
<서구여>1798</서구여>
<남구계>2723</남구계>
<남구남>1277</남구남>
<남구여>1446</남구여>
<북구계>6040</북구계>
<북구남>3115</북구남>
<북구여>2925</북구여>
<수성구계>6073</수성구계>
<수성구남>2908</수성구남>
<수성구여>3165</수성구여>
<달서구계>8478</달서구계>
<달서구남>4258</달서구남>
<달서구여>4220</달서구여>
<달성군계>3363</달성군계>
<달성군남>1714</달성군남>
<달성군여>1649</달성군여>
</Row>
<Row>
<구분>62세</구분>
<총계>34069</총계>
<총계남>16642</총계남>
<총계여>17427</총계여>
<중구계>1176</중구계>
<중구남>563</중구남>
<중구여>613</중구여>
<동구계>5488</동구계>
<동구남>2575</동구남>
<동구여>2913</동구여>
<서구계>3321</서구계>
<서구남>1560</서구남>
<서구여>1761</서구여>
<남구계>2462</남구계>
<남구남>1137</남구남>
<남구여>1325</남구여>
<북구계>5456</북구계>
<북구남>2693</북구남>
<북구여>2763</북구여>
<수성구계>5555</수성구계>
<수성구남>2696</수성구남>
<수성구여>2859</수성구여>
<달서구계>7631</달서구계>
<달서구남>3875</달서구남>
<달서구여>3756</달서구여>
<달성군계>2980</달성군계>
<달성군남>1543</달성군남>
<달성군여>1437</달성군여>
</Row>
<Row>
<구분>63세</구분>
<총계>34356</총계>
<총계남>15996</총계남>
<총계여>18360</총계여>
<중구계>1182</중구계>
<중구남>531</중구남>
<중구여>651</중구여>
<동구계>5592</동구계>
<동구남>2549</동구남>
<동구여>3043</동구여>
<서구계>3337</서구계>
<서구남>1513</서구남>
<서구여>1824</서구여>
<남구계>2742</남구계>
<남구남>1269</남구남>
<남구여>1473</남구여>
<북구계>5443</북구계>
<북구남>2566</북구남>
<북구여>2877</북구여>
<수성구계>5515</수성구계>
<수성구남>2561</수성구남>
<수성구여>2954</수성구여>
<달서구계>7601</달서구계>
<달서구남>3590</달서구남>
<달서구여>4011</달서구여>
<달성군계>2944</달성군계>
<달성군남>1417</달성군남>
<달성군여>1527</달성군여>
</Row>
<Row>
<구분>64세</구분>
<총계>28529</총계>
<총계남>13945</총계남>
<총계여>14584</총계여>
<중구계>999</중구계>
<중구남>487</중구남>
<중구여>512</중구여>
<동구계>4699</동구계>
<동구남>2187</동구남>
<동구여>2512</동구여>
<서구계>2944</서구계>
<서구남>1398</서구남>
<서구여>1546</서구여>
<남구계>2268</남구계>
<남구남>1074</남구남>
<남구여>1194</남구여>
<북구계>4608</북구계>
<북구남>2275</북구남>
<북구여>2333</북구여>
<수성구계>4482</수성구계>
<수성구남>2213</수성구남>
<수성구여>2269</수성구여>
<달서구계>6215</달서구계>
<달서구남>3119</달서구남>
<달서구여>3096</달서구여>
<달성군계>2314</달성군계>
<달성군남>1192</달성군남>
<달성군여>1122</달성군여>
</Row>
<Row>
<구분>65세</구분>
<총계>26830</총계>
<총계남>12495</총계남>
<총계여>14335</총계여>
<중구계>881</중구계>
<중구남>392</중구남>
<중구여>489</중구여>
<동구계>4352</동구계>
<동구남>2004</동구남>
<동구여>2348</동구여>
<서구계>2799</서구계>
<서구남>1321</서구남>
<서구여>1478</서구여>
<남구계>2157</남구계>
<남구남>948</남구남>
<남구여>1209</남구여>
<북구계>4248</북구계>
<북구남>1998</북구남>
<북구여>2250</북구여>
<수성구계>4431</수성구계>
<수성구남>2015</수성구남>
<수성구여>2416</수성구여>
<달서구계>5778</달서구계>
<달서구남>2752</달서구남>
<달서구여>3026</달서구여>
<달성군계>2184</달성군계>
<달성군남>1065</달성군남>
<달성군여>1119</달성군여>
</Row>
<Row>
<구분>66세</구분>
<총계>29092</총계>
<총계남>13475</총계남>
<총계여>15617</총계여>
<중구계>1088</중구계>
<중구남>464</중구남>
<중구여>624</중구여>
<동구계>4833</동구계>
<동구남>2277</동구남>
<동구여>2556</동구여>
<서구계>3091</서구계>
<서구남>1388</서구남>
<서구여>1703</서구여>
<남구계>2310</남구계>
<남구남>1038</남구남>
<남구여>1272</남구여>
<북구계>4427</북구계>
<북구남>2060</북구남>
<북구여>2367</북구여>
<수성구계>4626</수성구계>
<수성구남>2167</수성구남>
<수성구여>2459</수성구여>
<달서구계>6214</달서구계>
<달서구남>2864</달서구남>
<달서구여>3350</달서구여>
<달성군계>2503</달성군계>
<달성군남>1217</달성군남>
<달성군여>1286</달성군여>
</Row>
<Row>
<구분>67세</구분>
<총계>22212</총계>
<총계남>10364</총계남>
<총계여>11848</총계여>
<중구계>776</중구계>
<중구남>345</중구남>
<중구여>431</중구여>
<동구계>3801</동구계>
<동구남>1753</동구남>
<동구여>2048</동구여>
<서구계>2308</서구계>
<서구남>1045</서구남>
<서구여>1263</서구여>
<남구계>1832</남구계>
<남구남>809</남구남>
<남구여>1023</남구여>
<북구계>3583</북구계>
<북구남>1701</북구남>
<북구여>1882</북구여>
<수성구계>3509</수성구계>
<수성구남>1613</수성구남>
<수성구여>1896</수성구여>
<달서구계>4583</달서구계>
<달서구남>2201</달서구남>
<달서구여>2382</달서구여>
<달성군계>1820</달성군계>
<달성군남>897</달성군남>
<달성군여>923</달성군여>
</Row>
<Row>
<구분>68세</구분>
<총계>21917</총계>
<총계남>10321</총계남>
<총계여>11596</총계여>
<중구계>878</중구계>
<중구남>378</중구남>
<중구여>500</중구여>
<동구계>3666</동구계>
<동구남>1741</동구남>
<동구여>1925</동구여>
<서구계>2154</서구계>
<서구남>1060</서구남>
<서구여>1094</서구여>
<남구계>1795</남구계>
<남구남>835</남구남>
<남구여>960</남구여>
<북구계>3416</북구계>
<북구남>1586</북구남>
<북구여>1830</북구여>
<수성구계>3620</수성구계>
<수성구남>1642</수성구남>
<수성구여>1978</수성구여>
<달서구계>4546</달서구계>
<달서구남>2171</달서구남>
<달서구여>2375</달서구여>
<달성군계>1842</달성군계>
<달성군남>908</달성군남>
<달성군여>934</달성군여>
</Row>
<Row>
<구분>69세</구분>
<총계>22725</총계>
<총계남>10529</총계남>
<총계여>12196</총계여>
<중구계>882</중구계>
<중구남>379</중구남>
<중구여>503</중구여>
<동구계>3957</동구계>
<동구남>1810</동구남>
<동구여>2147</동구여>
<서구계>2310</서구계>
<서구남>1091</서구남>
<서구여>1219</서구여>
<남구계>1952</남구계>
<남구남>865</남구남>
<남구여>1087</남구여>
<북구계>3590</북구계>
<북구남>1635</북구남>
<북구여>1955</북구여>
<수성구계>3664</수성구계>
<수성구남>1685</수성구남>
<수성구여>1979</수성구여>
<달서구계>4529</달서구계>
<달서구남>2148</달서구남>
<달서구여>2381</달서구여>
<달성군계>1841</달성군계>
<달성군남>916</달성군남>
<달성군여>925</달성군여>
</Row>
<Row>
<구분>70세</구분>
<총계>22493</총계>
<총계남>10253</총계남>
<총계여>12240</총계여>
<중구계>952</중구계>
<중구남>401</중구남>
<중구여>551</중구여>
<동구계>3864</동구계>
<동구남>1739</동구남>
<동구여>2125</동구여>
<서구계>2365</서구계>
<서구남>1085</서구남>
<서구여>1280</서구여>
<남구계>1962</남구계>
<남구남>872</남구남>
<남구여>1090</남구여>
<북구계>3579</북구계>
<북구남>1606</북구남>
<북구여>1973</북구여>
<수성구계>3579</수성구계>
<수성구남>1582</수성구남>
<수성구여>1997</수성구여>
<달서구계>4420</달서구계>
<달서구남>2097</달서구남>
<달서구여>2323</달서구여>
<달성군계>1772</달성군계>
<달성군남>871</달성군남>
<달성군여>901</달성군여>
</Row>
<Row>
<구분>71세</구분>
<총계>20941</총계>
<총계남>9389</총계남>
<총계여>11552</총계여>
<중구계>905</중구계>
<중구남>382</중구남>
<중구여>523</중구여>
<동구계>3636</동구계>
<동구남>1636</동구남>
<동구여>2000</동구여>
<서구계>2102</서구계>
<서구남>940</서구남>
<서구여>1162</서구여>
<남구계>1790</남구계>
<남구남>784</남구남>
<남구여>1006</남구여>
<북구계>3305</북구계>
<북구남>1455</북구남>
<북구여>1850</북구여>
<수성구계>3492</수성구계>
<수성구남>1552</수성구남>
<수성구여>1940</수성구여>
<달서구계>4116</달서구계>
<달서구남>1871</달서구남>
<달서구여>2245</달서구여>
<달성군계>1595</달성군계>
<달성군남>769</달성군남>
<달성군여>826</달성군여>
</Row>
<Row>
<구분>72세</구분>
<총계>14969</총계>
<총계남>6826</총계남>
<총계여>8143</총계여>
<중구계>698</중구계>
<중구남>299</중구남>
<중구여>399</중구여>
<동구계>2575</동구계>
<동구남>1161</동구남>
<동구여>1414</동구여>
<서구계>1460</서구계>
<서구남>629</서구남>
<서구여>831</서구여>
<남구계>1374</남구계>
<남구남>588</남구남>
<남구여>786</남구여>
<북구계>2301</북구계>
<북구남>1039</북구남>
<북구여>1262</북구여>
<수성구계>2479</수성구계>
<수성구남>1145</수성구남>
<수성구여>1334</수성구여>
<달서구계>2940</달서구계>
<달서구남>1418</달서구남>
<달서구여>1522</달서구여>
<달성군계>1142</달성군계>
<달성군남>547</달성군남>
<달성군여>595</달성군여>
</Row>
<Row>
<구분>73세</구분>
<총계>13482</총계>
<총계남>5899</총계남>
<총계여>7583</총계여>
<중구계>641</중구계>
<중구남>268</중구남>
<중구여>373</중구여>
<동구계>2406</동구계>
<동구남>1038</동구남>
<동구여>1368</동구여>
<서구계>1320</서구계>
<서구남>617</서구남>
<서구여>703</서구여>
<남구계>1188</남구계>
<남구남>478</남구남>
<남구여>710</남구여>
<북구계>2109</북구계>
<북구남>917</북구남>
<북구여>1192</북구여>
<수성구계>2237</수성구계>
<수성구남>975</수성구남>
<수성구여>1262</수성구여>
<달서구계>2553</달서구계>
<달서구남>1130</달서구남>
<달서구여>1423</달서구여>
<달성군계>1028</달성군계>
<달성군남>476</달성군남>
<달성군여>552</달성군여>
</Row>
<Row>
<구분>74세</구분>
<총계>15939</총계>
<총계남>6833</총계남>
<총계여>9106</총계여>
<중구계>771</중구계>
<중구남>318</중구남>
<중구여>453</중구여>
<동구계>2755</동구계>
<동구남>1201</동구남>
<동구여>1554</동구여>
<서구계>1676</서구계>
<서구남>705</서구남>
<서구여>971</서구여>
<남구계>1397</남구계>
<남구남>594</남구남>
<남구여>803</남구여>
<북구계>2573</북구계>
<북구남>1027</북구남>
<북구여>1546</북구여>
<수성구계>2660</수성구계>
<수성구남>1165</수성구남>
<수성구여>1495</수성구여>
<달서구계>2917</달서구계>
<달서구남>1268</달서구남>
<달서구여>1649</달서구여>
<달성군계>1190</달성군계>
<달성군남>555</달성군남>
<달성군여>635</달성군여>
</Row>
<Row>
<구분>75세</구분>
<총계>16442</총계>
<총계남>6969</총계남>
<총계여>9473</총계여>
<중구계>752</중구계>
<중구남>334</중구남>
<중구여>418</중구여>
<동구계>2914</동구계>
<동구남>1215</동구남>
<동구여>1699</동구여>
<서구계>1672</서구계>
<서구남>718</서구남>
<서구여>954</서구여>
<남구계>1517</남구계>
<남구남>639</남구남>
<남구여>878</남구여>
<북구계>2560</북구계>
<북구남>1056</북구남>
<북구여>1504</북구여>
<수성구계>2807</수성구계>
<수성구남>1210</수성구남>
<수성구여>1597</수성구여>
<달서구계>3022</달서구계>
<달서구남>1297</달서구남>
<달서구여>1725</달서구여>
<달성군계>1198</달성군계>
<달성군남>500</달성군남>
<달성군여>698</달성군여>
</Row>
<Row>
<구분>76세</구분>
<총계>18577</총계>
<총계남>7985</총계남>
<총계여>10592</총계여>
<중구계>864</중구계>
<중구남>389</중구남>
<중구여>475</중구여>
<동구계>3179</동구계>
<동구남>1364</동구남>
<동구여>1815</동구여>
<서구계>1876</서구계>
<서구남>791</서구남>
<서구여>1085</서구여>
<남구계>1679</남구계>
<남구남>728</남구남>
<남구여>951</남구여>
<북구계>3062</북구계>
<북구남>1354</북구남>
<북구여>1708</북구여>
<수성구계>3038</수성구계>
<수성구남>1336</수성구남>
<수성구여>1702</수성구여>
<달서구계>3530</달서구계>
<달서구남>1480</달서구남>
<달서구여>2050</달서구여>
<달성군계>1349</달성군계>
<달성군남>543</달성군남>
<달성군여>806</달성군여>
</Row>
<Row>
<구분>77세</구분>
<총계>15218</총계>
<총계남>6238</총계남>
<총계여>8980</총계여>
<중구계>666</중구계>
<중구남>286</중구남>
<중구여>380</중구여>
<동구계>2646</동구계>
<동구남>1115</동구남>
<동구여>1531</동구여>
<서구계>1509</서구계>
<서구남>629</서구남>
<서구여>880</서구여>
<남구계>1448</남구계>
<남구남>599</남구남>
<남구여>849</남구여>
<북구계>2470</북구계>
<북구남>981</북구남>
<북구여>1489</북구여>
<수성구계>2497</수성구계>
<수성구남>1047</수성구남>
<수성구여>1450</수성구여>
<달서구계>2809</달서구계>
<달서구남>1136</달서구남>
<달서구여>1673</달서구여>
<달성군계>1173</달성군계>
<달성군남>445</달성군남>
<달성군여>728</달성군여>
</Row>
<Row>
<구분>78세</구분>
<총계>13166</총계>
<총계남>5201</총계남>
<총계여>7965</총계여>
<중구계>610</중구계>
<중구남>242</중구남>
<중구여>368</중구여>
<동구계>2276</동구계>
<동구남>949</동구남>
<동구여>1327</동구여>
<서구계>1231</서구계>
<서구남>483</서구남>
<서구여>748</서구여>
<남구계>1232</남구계>
<남구남>492</남구남>
<남구여>740</남구여>
<북구계>2150</북구계>
<북구남>856</북구남>
<북구여>1294</북구여>
<수성구계>2235</수성구계>
<수성구남>886</수성구남>
<수성구여>1349</수성구여>
<달서구계>2419</달서구계>
<달서구남>943</달서구남>
<달서구여>1476</달서구여>
<달성군계>1013</달성군계>
<달성군남>350</달성군남>
<달성군여>663</달성군여>
</Row>
<Row>
<구분>79세</구분>
<총계>13359</총계>
<총계남>5266</총계남>
<총계여>8093</총계여>
<중구계>605</중구계>
<중구남>235</중구남>
<중구여>370</중구여>
<동구계>2300</동구계>
<동구남>933</동구남>
<동구여>1367</동구여>
<서구계>1302</서구계>
<서구남>516</서구남>
<서구여>786</서구여>
<남구계>1246</남구계>
<남구남>505</남구남>
<남구여>741</남구여>
<북구계>2132</북구계>
<북구남>848</북구남>
<북구여>1284</북구여>
<수성구계>2241</수성구계>
<수성구남>936</수성구남>
<수성구여>1305</수성구여>
<달서구계>2514</달서구계>
<달서구남>934</달서구남>
<달서구여>1580</달서구여>
<달성군계>1019</달성군계>
<달성군남>359</달성군남>
<달성군여>660</달성군여>
</Row>
<Row>
<구분>80세</구분>
<총계>11321</총계>
<총계남>4345</총계남>
<총계여>6976</총계여>
<중구계>537</중구계>
<중구남>205</중구남>
<중구여>332</중구여>
<동구계>1918</동구계>
<동구남>713</동구남>
<동구여>1205</동구여>
<서구계>1043</서구계>
<서구남>420</서구남>
<서구여>623</서구여>
<남구계>1050</남구계>
<남구남>416</남구남>
<남구여>634</남구여>
<북구계>1766</북구계>
<북구남>698</북구남>
<북구여>1068</북구여>
<수성구계>1992</수성구계>
<수성구남>766</수성구남>
<수성구여>1226</수성구여>
<달서구계>2102</달서구계>
<달서구남>793</달서구남>
<달서구여>1309</달서구여>
<달성군계>913</달성군계>
<달성군남>334</달성군남>
<달성군여>579</달성군여>
</Row>
<Row>
<구분>81세</구분>
<총계>10246</총계>
<총계남>3779</총계남>
<총계여>6467</총계여>
<중구계>458</중구계>
<중구남>185</중구남>
<중구여>273</중구여>
<동구계>1737</동구계>
<동구남>661</동구남>
<동구여>1076</동구여>
<서구계>973</서구계>
<서구남>328</서구남>
<서구여>645</서구여>
<남구계>948</남구계>
<남구남>336</남구남>
<남구여>612</남구여>
<북구계>1526</북구계>
<북구남>566</북구남>
<북구여>960</북구여>
<수성구계>1856</수성구계>
<수성구남>727</수성구남>
<수성구여>1129</수성구여>
<달서구계>1934</달서구계>
<달서구남>685</달서구남>
<달서구여>1249</달서구여>
<달성군계>814</달성군계>
<달성군남>291</달성군남>
<달성군여>523</달성군여>
</Row>
<Row>
<구분>82세</구분>
<총계>9222</총계>
<총계남>3363</총계남>
<총계여>5859</총계여>
<중구계>439</중구계>
<중구남>177</중구남>
<중구여>262</중구여>
<동구계>1561</동구계>
<동구남>586</동구남>
<동구여>975</동구여>
<서구계>838</서구계>
<서구남>319</서구남>
<서구여>519</서구여>
<남구계>847</남구계>
<남구남>304</남구남>
<남구여>543</남구여>
<북구계>1394</북구계>
<북구남>502</북구남>
<북구여>892</북구여>
<수성구계>1670</수성구계>
<수성구남>632</수성구남>
<수성구여>1038</수성구여>
<달서구계>1777</달서구계>
<달서구남>601</달서구남>
<달서구여>1176</달서구여>
<달성군계>696</달성군계>
<달성군남>242</달성군남>
<달성군여>454</달성군여>
</Row>
<Row>
<구분>83세</구분>
<총계>8432</총계>
<총계남>2926</총계남>
<총계여>5506</총계여>
<중구계>349</중구계>
<중구남>135</중구남>
<중구여>214</중구여>
<동구계>1373</동구계>
<동구남>487</동구남>
<동구여>886</동구여>
<서구계>745</서구계>
<서구남>269</서구남>
<서구여>476</서구여>
<남구계>821</남구계>
<남구남>306</남구남>
<남구여>515</남구여>
<북구계>1299</북구계>
<북구남>450</북구남>
<북구여>849</북구여>
<수성구계>1586</수성구계>
<수성구남>559</수성구남>
<수성구여>1027</수성구여>
<달서구계>1587</달서구계>
<달서구남>509</달서구남>
<달서구여>1078</달서구여>
<달성군계>672</달성군계>
<달성군남>211</달성군남>
<달성군여>461</달성군여>
</Row>
<Row>
<구분>84세</구분>
<총계>7323</총계>
<총계남>2492</총계남>
<총계여>4831</총계여>
<중구계>321</중구계>
<중구남>121</중구남>
<중구여>200</중구여>
<동구계>1248</동구계>
<동구남>437</동구남>
<동구여>811</동구여>
<서구계>623</서구계>
<서구남>217</서구남>
<서구여>406</서구여>
<남구계>714</남구계>
<남구남>261</남구남>
<남구여>453</남구여>
<북구계>1134</북구계>
<북구남>354</북구남>
<북구여>780</북구여>
<수성구계>1348</수성구계>
<수성구남>478</수성구남>
<수성구여>870</수성구여>
<달서구계>1347</달서구계>
<달서구남>455</달서구남>
<달서구여>892</달서구여>
<달성군계>588</달성군계>
<달성군남>169</달성군남>
<달성군여>419</달성군여>
</Row>
<Row>
<구분>85세</구분>
<총계>5750</총계>
<총계남>1824</총계남>
<총계여>3926</총계여>
<중구계>266</중구계>
<중구남>81</중구남>
<중구여>185</중구여>
<동구계>928</동구계>
<동구남>292</동구남>
<동구여>636</동구여>
<서구계>451</서구계>
<서구남>140</서구남>
<서구여>311</서구여>
<남구계>552</남구계>
<남구남>191</남구남>
<남구여>361</남구여>
<북구계>865</북구계>
<북구남>254</북구남>
<북구여>611</북구여>
<수성구계>1107</수성구계>
<수성구남>381</수성구남>
<수성구여>726</수성구여>
<달서구계>1104</달서구계>
<달서구남>332</달서구남>
<달서구여>772</달서구여>
<달성군계>477</달성군계>
<달성군남>153</달성군남>
<달성군여>324</달성군여>
</Row>
<Row>
<구분>86세</구분>
<총계>5143</총계>
<총계남>1591</총계남>
<총계여>3552</총계여>
<중구계>227</중구계>
<중구남>65</중구남>
<중구여>162</중구여>
<동구계>819</동구계>
<동구남>264</동구남>
<동구여>555</동구여>
<서구계>439</서구계>
<서구남>128</서구남>
<서구여>311</서구여>
<남구계>505</남구계>
<남구남>180</남구남>
<남구여>325</남구여>
<북구계>779</북구계>
<북구남>239</북구남>
<북구여>540</북구여>
<수성구계>997</수성구계>
<수성구남>313</수성구남>
<수성구여>684</수성구여>
<달서구계>938</달서구계>
<달서구남>274</달서구남>
<달서구여>664</달서구여>
<달성군계>439</달성군계>
<달성군남>128</달성군남>
<달성군여>311</달성군여>
</Row>
<Row>
<구분>87세</구분>
<총계>3943</총계>
<총계남>1088</총계남>
<총계여>2855</총계여>
<중구계>185</중구계>
<중구남>52</중구남>
<중구여>133</중구여>
<동구계>625</동구계>
<동구남>181</동구남>
<동구여>444</동구여>
<서구계>312</서구계>
<서구남>70</서구남>
<서구여>242</서구여>
<남구계>408</남구계>
<남구남>107</남구남>
<남구여>301</남구여>
<북구계>568</북구계>
<북구남>143</북구남>
<북구여>425</북구여>
<수성구계>768</수성구계>
<수성구남>233</수성구남>
<수성구여>535</수성구여>
<달서구계>745</달서구계>
<달서구남>203</달서구남>
<달서구여>542</달서구여>
<달성군계>332</달성군계>
<달성군남>99</달성군남>
<달성군여>233</달성군여>
</Row>
<Row>
<구분>88세</구분>
<총계>3149</총계>
<총계남>757</총계남>
<총계여>2392</총계여>
<중구계>155</중구계>
<중구남>33</중구남>
<중구여>122</중구여>
<동구계>482</동구계>
<동구남>119</동구남>
<동구여>363</동구여>
<서구계>258</서구계>
<서구남>50</서구남>
<서구여>208</서구여>
<남구계>305</남구계>
<남구남>78</남구남>
<남구여>227</남구여>
<북구계>476</북구계>
<북구남>112</북구남>
<북구여>364</북구여>
<수성구계>577</수성구계>
<수성구남>154</수성구남>
<수성구여>423</수성구여>
<달서구계>603</달서구계>
<달서구남>144</달서구남>
<달서구여>459</달서구여>
<달성군계>293</달성군계>
<달성군남>67</달성군남>
<달성군여>226</달성군여>
</Row>
<Row>
<구분>89세</구분>
<총계>2540</총계>
<총계남>642</총계남>
<총계여>1898</총계여>
<중구계>118</중구계>
<중구남>32</중구남>
<중구여>86</중구여>
<동구계>406</동구계>
<동구남>114</동구남>
<동구여>292</동구여>
<서구계>195</서구계>
<서구남>39</서구남>
<서구여>156</서구여>
<남구계>260</남구계>
<남구남>66</남구남>
<남구여>194</남구여>
<북구계>364</북구계>
<북구남>91</북구남>
<북구여>273</북구여>
<수성구계>530</수성구계>
<수성구남>139</수성구남>
<수성구여>391</수성구여>
<달서구계>473</달서구계>
<달서구남>121</달서구남>
<달서구여>352</달서구여>
<달성군계>194</달성군계>
<달성군남>40</달성군남>
<달성군여>154</달성군여>
</Row>
<Row>
<구분>90세</구분>
<총계>2157</총계>
<총계남>511</총계남>
<총계여>1646</총계여>
<중구계>121</중구계>
<중구남>37</중구남>
<중구여>84</중구여>
<동구계>325</동구계>
<동구남>78</동구남>
<동구여>247</동구여>
<서구계>185</서구계>
<서구남>49</서구남>
<서구여>136</서구여>
<남구계>226</남구계>
<남구남>71</남구남>
<남구여>155</남구여>
<북구계>303</북구계>
<북구남>64</북구남>
<북구여>239</북구여>
<수성구계>414</수성구계>
<수성구남>87</수성구남>
<수성구여>327</수성구여>
<달서구계>409</달서구계>
<달서구남>89</달서구남>
<달서구여>320</달서구여>
<달성군계>174</달성군계>
<달성군남>36</달성군남>
<달성군여>138</달성군여>
</Row>
<Row>
<구분>91세</구분>
<총계>1673</총계>
<총계남>389</총계남>
<총계여>1284</총계여>
<중구계>98</중구계>
<중구남>24</중구남>
<중구여>74</중구여>
<동구계>281</동구계>
<동구남>67</동구남>
<동구여>214</동구여>
<서구계>142</서구계>
<서구남>25</서구남>
<서구여>117</서구여>
<남구계>167</남구계>
<남구남>50</남구남>
<남구여>117</남구여>
<북구계>255</북구계>
<북구남>53</북구남>
<북구여>202</북구여>
<수성구계>290</수성구계>
<수성구남>71</수성구남>
<수성구여>219</수성구여>
<달서구계>286</달서구계>
<달서구남>64</달서구남>
<달서구여>222</달서구여>
<달성군계>154</달성군계>
<달성군남>35</달성군남>
<달성군여>119</달성군여>
</Row>
<Row>
<구분>92세</구분>
<총계>1072</총계>
<총계남>227</총계남>
<총계여>845</총계여>
<중구계>63</중구계>
<중구남>14</중구남>
<중구여>49</중구여>
<동구계>159</동구계>
<동구남>31</동구남>
<동구여>128</동구여>
<서구계>101</서구계>
<서구남>15</서구남>
<서구여>86</서구여>
<남구계>112</남구계>
<남구남>25</남구남>
<남구여>87</남구여>
<북구계>139</북구계>
<북구남>28</북구남>
<북구여>111</북구여>
<수성구계>212</수성구계>
<수성구남>55</수성구남>
<수성구여>157</수성구여>
<달서구계>179</달서구계>
<달서구남>38</달서구남>
<달서구여>141</달서구여>
<달성군계>107</달성군계>
<달성군남>21</달성군남>
<달성군여>86</달성군여>
</Row>
<Row>
<구분>93세</구분>
<총계>905</총계>
<총계남>194</총계남>
<총계여>711</총계여>
<중구계>40</중구계>
<중구남>11</중구남>
<중구여>29</중구여>
<동구계>163</동구계>
<동구남>28</동구남>
<동구여>135</동구여>
<서구계>65</서구계>
<서구남>14</서구남>
<서구여>51</서구여>
<남구계>74</남구계>
<남구남>10</남구남>
<남구여>64</남구여>
<북구계>136</북구계>
<북구남>33</북구남>
<북구여>103</북구여>
<수성구계>179</수성구계>
<수성구남>43</수성구남>
<수성구여>136</수성구여>
<달서구계>177</달서구계>
<달서구남>38</달서구남>
<달서구여>139</달서구여>
<달성군계>71</달성군계>
<달성군남>17</달성군남>
<달성군여>54</달성군여>
</Row>
<Row>
<구분>94세</구분>
<총계>616</총계>
<총계남>123</총계남>
<총계여>493</총계여>
<중구계>36</중구계>
<중구남>10</중구남>
<중구여>26</중구여>
<동구계>119</동구계>
<동구남>21</동구남>
<동구여>98</동구여>
<서구계>58</서구계>
<서구남>5</서구남>
<서구여>53</서구여>
<남구계>61</남구계>
<남구남>16</남구남>
<남구여>45</남구여>
<북구계>74</북구계>
<북구남>14</북구남>
<북구여>60</북구여>
<수성구계>110</수성구계>
<수성구남>23</수성구남>
<수성구여>87</수성구여>
<달서구계>118</달서구계>
<달서구남>28</달서구남>
<달서구여>90</달서구여>
<달성군계>40</달성군계>
<달성군남>6</달성군남>
<달성군여>34</달성군여>
</Row>
<Row>
<구분>95세</구분>
<총계>502</총계>
<총계남>112</총계남>
<총계여>390</총계여>
<중구계>35</중구계>
<중구남>9</중구남>
<중구여>26</중구여>
<동구계>77</동구계>
<동구남>17</동구남>
<동구여>60</동구여>
<서구계>53</서구계>
<서구남>10</서구남>
<서구여>43</서구여>
<남구계>49</남구계>
<남구남>11</남구남>
<남구여>38</남구여>
<북구계>83</북구계>
<북구남>9</북구남>
<북구여>74</북구여>
<수성구계>81</수성구계>
<수성구남>25</수성구남>
<수성구여>56</수성구여>
<달서구계>86</달서구계>
<달서구남>22</달서구남>
<달서구여>64</달서구여>
<달성군계>38</달성군계>
<달성군남>9</달성군남>
<달성군여>29</달성군여>
</Row>
<Row>
<구분>96세</구분>
<총계>369</총계>
<총계남>74</총계남>
<총계여>295</총계여>
<중구계>21</중구계>
<중구남>1</중구남>
<중구여>20</중구여>
<동구계>62</동구계>
<동구남>10</동구남>
<동구여>52</동구여>
<서구계>22</서구계>
<서구남>3</서구남>
<서구여>19</서구여>
<남구계>41</남구계>
<남구남>8</남구남>
<남구여>33</남구여>
<북구계>64</북구계>
<북구남>13</북구남>
<북구여>51</북구여>
<수성구계>64</수성구계>
<수성구남>18</수성구남>
<수성구여>46</수성구여>
<달서구계>64</달서구계>
<달서구남>11</달서구남>
<달서구여>53</달서구여>
<달성군계>31</달성군계>
<달성군남>10</달성군남>
<달성군여>21</달성군여>
</Row>
<Row>
<구분>97세</구분>
<총계>273</총계>
<총계남>46</총계남>
<총계여>227</총계여>
<중구계>17</중구계>
<중구남>3</중구남>
<중구여>14</중구여>
<동구계>45</동구계>
<동구남>10</동구남>
<동구여>35</동구여>
<서구계>25</서구계>
<서구남>6</서구남>
<서구여>19</서구여>
<남구계>27</남구계>
<남구남>5</남구남>
<남구여>22</남구여>
<북구계>33</북구계>
<북구남>4</북구남>
<북구여>29</북구여>
<수성구계>54</수성구계>
<수성구남>6</수성구남>
<수성구여>48</수성구여>
<달서구계>52</달서구계>
<달서구남>7</달서구남>
<달서구여>45</달서구여>
<달성군계>20</달성군계>
<달성군남>5</달성군남>
<달성군여>15</달성군여>
</Row>
<Row>
<구분>98세</구분>
<총계>178</총계>
<총계남>37</총계남>
<총계여>141</총계여>
<중구계>18</중구계>
<중구남>6</중구남>
<중구여>12</중구여>
<동구계>31</동구계>
<동구남>9</동구남>
<동구여>22</동구여>
<서구계>13</서구계>
<서구남>3</서구남>
<서구여>10</서구여>
<남구계>25</남구계>
<남구남>2</남구남>
<남구여>23</남구여>
<북구계>41</북구계>
<북구남>8</북구남>
<북구여>33</북구여>
<수성구계>25</수성구계>
<수성구남>2</수성구남>
<수성구여>23</수성구여>
<달서구계>17</달서구계>
<달서구남>6</달서구남>
<달서구여>11</달서구여>
<달성군계>8</달성군계>
<달성군남>1</달성군남>
<달성군여>7</달성군여>
</Row>
<Row>
<구분>99세</구분>
<총계>130</총계>
<총계남>25</총계남>
<총계여>105</총계여>
<중구계>8</중구계>
<중구남>3</중구남>
<중구여>5</중구여>
<동구계>27</동구계>
<동구남>7</동구남>
<동구여>20</동구여>
<서구계>10</서구계>
<서구남>0</서구남>
<서구여>10</서구여>
<남구계>11</남구계>
<남구남>2</남구남>
<남구여>9</남구여>
<북구계>19</북구계>
<북구남>2</북구남>
<북구여>17</북구여>
<수성구계>24</수성구계>
<수성구남>7</수성구남>
<수성구여>17</수성구여>
<달서구계>19</달서구계>
<달서구남>3</달서구남>
<달서구여>16</달서구여>
<달성군계>12</달성군계>
<달성군남>1</달성군남>
<달성군여>11</달성군여>
</Row>
<Row>
<구분>100세 이상</구분>
<총계>628</총계>
<총계남>145</총계남>
<총계여>483</총계여>
<중구계>85</중구계>
<중구남>15</중구남>
<중구여>70</중구여>
<동구계>110</동구계>
<동구남>25</동구남>
<동구여>85</동구여>
<서구계>95</서구계>
<서구남>24</서구남>
<서구여>71</서구여>
<남구계>76</남구계>
<남구남>18</남구남>
<남구여>58</남구여>
<북구계>71</북구계>
<북구남>18</북구남>
<북구여>53</북구여>
<수성구계>90</수성구계>
<수성구남>24</수성구남>
<수성구여>66</수성구여>
<달서구계>76</달서구계>
<달서구남>14</달서구남>
<달서구여>62</달서구여>
<달성군계>25</달성군계>
<달성군남>7</달성군남>
<달성군여>18</달성군여>
</Row>
</root>
